Workbook

Sheet 封面
A1: 月份 | B1: 工作日训练时长 | C1: 节假日训练时长 | D1: 工作日金额（x100） | E1: 节假日金额（x200） | F1: 总金额
A2: 1月 | B2: =SUMIFS('1月'!C:C,'1月'!B:B,"否") -> 12 | C2: =SUMIFS('1月'!C:C,'1月'!B:B,"是") -> 56 | D2: =B2*100 -> 1200 | E2: =C2*200 -> 11200 | F2: =D2+E2 -> 12400
A3: 2月 | B3: =SUMIFS('2月'!C:C,'2月'!B:B,"否") -> 0 | C3: =SUMIFS('2月'!C:C,'2月'!B:B,"是") -> 136 | D3: =B3*100 -> 0 | E3: =C3*200 -> 27200 | F3: =D3+E3 -> 27200
A4: 3月 | B4: =SUMIFS('3月'!C:C,'3月'!B:B,"否") -> 25 | C4: =SUMIFS('3月'!C:C,'3月'!B:B,"是") -> 32 | D4: =B4*100 -> 2500 | E4: =C4*200 -> 6400 | F4: =D4+E4 -> 8900
A5: 4月 | B5: =SUMIFS('4月'!C:C,'4月'!B:B,"否") -> 25 | C5: =SUMIFS('4月'!C:C,'4月'!B:B,"是") -> 32 | D5: =B5*100 -> 2500 | E5: =C5*200 -> 6400 | F5: =D5+E5 -> 8900
A6: 5月 | B6: =SUMIFS('5月'!C:C,'5月'!B:B,"否") -> 22 | C6: =SUMIFS('5月'!C:C,'5月'!B:B,"是") -> 80 | D6: =B6*100 -> 2200 | E6: =C6*200 -> 16000 | F6: =D6+E6 -> 18200
A7: 6月 | B7: =SUMIFS('6月'!C:C,'6月'!B:B,"否") -> 25 | C7: =SUMIFS('6月'!C:C,'6月'!B:B,"是") -> 32 | D7: =B7*100 -> 2500 | E7: =C7*200 -> 6400 | F7: =D7+E7 -> 8900
A8: 7月 | B8: =SUMIFS('7月'!C:C,'7月'!B:B,"否") -> 0 | C8: =SUMIFS('7月'!C:C,'7月'!B:B,"是") -> 216 | D8: =B8*100 -> 0 | E8: =C8*200 -> 43200 | F8: =D8+E8 -> 43200
A9: 8月 | B9: =SUMIFS('8月'!C:C,'8月'!B:B,"否") -> 0 | C9: =SUMIFS('8月'!C:C,'8月'!B:B,"是") -> 208 | D9: =B9*100 -> 0 | E9: =C9*200 -> 41600 | F9: =D9+E9 -> 41600
A10: 9月 | B10: =SUMIFS('9月'!C:C,'9月'!B:B,"否") -> 25 | C10: =SUMIFS('9月'!C:C,'9月'!B:B,"是") -> 32 | D10: =B10*100 -> 2500 | E10: =C10*200 -> 6400 | F10: =D10+E10 -> 8900
A11: 10月 | B11: =SUMIFS('10月'!C:C,'10月'!B:B,"否") -> 22.5 | C11: =SUMIFS('10月'!C:C,'10月'!B:B,"是") -> 80 | D11: =B11*100 -> 2250 | E11: =C11*200 -> 16000 | F11: =D11+E11 -> 18250
A12: 11月 | B12: =SUMIFS('11月'!C:C,'11月'!B:B,"否") -> 24.5 | C12: =SUMIFS('11月'!C:C,'11月'!B:B,"是") -> 32 | D12: =B12*100 -> 2450 | E12: =C12*200 -> 6400 | F12: =D12+E12 -> 8850
A13: 12月 | B13: =SUMIFS('12月'!C:C,'12月'!B:B,"否") -> 25.5 | C13: =SUMIFS('12月'!C:C,'12月'!B:B,"是") -> 32 | D13: =B13*100 -> 2550 | E13: =C13*200 -> 6400 | F13: =D13+E13 -> 8950
A14: 合计 | B14: =SUM(B2:B13) -> 206.5 | C14: =SUM(C2:C13) -> 968 | D14: =SUM(D2:D13) -> 20650 | E14: =SUM(E2:E13) -> 193600 | F14: =SUM(F2:F13) -> 214250

Sheet 1月
A1: 1月训练日期 | B1: 是否法定节假日 | C1: 训练时长（小时） | D1: 金额
A2: 2026-01-01 | B2: 是 | C2: 8 | D2: =IF(B2="","",IF(B2="是",C2*200,IF(B2="否",C2*100,""))) -> 1600
A3: 2026-01-02 | B3: 是 | C3: 8 | D3: =IF(B3="","",IF(B3="是",C3*200,IF(B3="否",C3*100,""))) -> 1600
A4: 2026-01-05 | B4: 否 | C4: 0.5 | D4: =IF(B4="","",IF(B4="是",C4*200,IF(B4="否",C4*100,""))) -> 50
A5: 2026-01-06 | B5: 否 | C5: 0.5 | D5: =IF(B5="","",IF(B5="是",C5*200,IF(B5="否",C5*100,""))) -> 50
A6: 2026-01-07 | B6: 否 | C6: 0.5 | D6: =IF(B6="","",IF(B6="是",C6*200,IF(B6="否",C6*100,""))) -> 50
A7: 2026-01-08 | B7: 否 | C7: 0.5 | D7: =IF(B7="","",IF(B7="是",C7*200,IF(B7="否",C7*100,""))) -> 50
A8: 2026-01-09 | B8: 否 | C8: 4 | D8: =IF(B8="","",IF(B8="是",C8*200,IF(B8="否",C8*100,""))) -> 400
A9: 2026-01-10 | B9: 是 | C9: 8 | D9: =IF(B9="","",IF(B9="是",C9*200,IF(B9="否",C9*100,""))) -> 1600
A10: 2026-01-12 | B10: 否 | C10: 0.5 | D10: =IF(B10="","",IF(B10="是",C10*200,IF(B10="否",C10*100,""))) -> 50
A11: 2026-01-13 | B11: 否 | C11: 0.5 | D11: =IF(B11="","",IF(B11="是",C11*200,IF(B11="否",C11*100,""))) -> 50
A12: 2026-01-14 | B12: 否 | C12: 0.5 | D12: =IF(B12="","",IF(B12="是",C12*200,IF(B12="否",C12*100,""))) -> 50
A13: 2026-01-15 | B13: 否 | C13: 0.5 | D13: =IF(B13="","",IF(B13="是",C13*200,IF(B13="否",C13*100,""))) -> 50
... A18: 2026-01-31 | B18: 是 | C18: 8 | D18: =IF(B18="","",IF(B18="是",C18*200,IF(B18="否",C18*100,""))) -> 1600

Sheet 2月
A1: 2月训练日期 | B1: 是否法定节假日 | C1: 训练时长（小时） | D1: 金额
A2: 2026-02-02 | B2: 是 | C2: 8 | D2: =IF(B2="","",IF(B2="是",C2*200,IF(B2="否",C2*100,""))) -> 1600
A3: 2026-02-03 | B3: 是 | C3: 8 | D3: =IF(B3="","",IF(B3="是",C3*200,IF(B3="否",C3*100,""))) -> 1600
A4: 2026-02-04 | B4: 是 | C4: 8 | D4: =IF(B4="","",IF(B4="是",C4*200,IF(B4="否",C4*100,""))) -> 1600
A5: 2026-02-05 | B5: 是 | C5: 8 | D5: =IF(B5="","",IF(B5="是",C5*200,IF(B5="否",C5*100,""))) -> 1600
A6: 2026-02-06 | B6: 是 | C6: 8 | D6: =IF(B6="","",IF(B6="是",C6*200,IF(B6="否",C6*100,""))) -> 1600
A7: 2026-02-07 | B7: 是 | C7: 8 | D7: =IF(B7="","",IF(B7="是",C7*200,IF(B7="否",C7*100,""))) -> 1600
A8: 2026-02-09 | B8: 是 | C8: 8 | D8: =IF(B8="","",IF(B8="是",C8*200,IF(B8="否",C8*100,""))) -> 1600
A9: 2026-02-10 | B9: 是 | C9: 8 | D9: =IF(B9="","",IF(B9="是",C9*200,IF(B9="否",C9*100,""))) -> 1600
A10: 2026-02-11 | B10: 是 | C10: 8 | D10: =IF(B10="","",IF(B10="是",C10*200,IF(B10="否",C10*100,""))) -> 1600
A11: 2026-02-12 | B11: 是 | C11: 8 | D11: =IF(B11="","",IF(B11="是",C11*200,IF(B11="否",C11*100,""))) -> 1600
A12: 2026-02-13 | B12: 是 | C12: 8 | D12: =IF(B12="","",IF(B12="是",C12*200,IF(B12="否",C12*100,""))) -> 1600
A13: 2026-02-23 | B13: 是 | C13: 8 | D13: =IF(B13="","",IF(B13="是",C13*200,IF(B13="否",C13*100,""))) -> 1600
... A18: 2026-02-28 | B18: 是 | C18: 8 | D18: =IF(B18="","",IF(B18="是",C18*200,IF(B18="否",C18*100,""))) -> 1600

Sheet 3月
A1: 3月训练日期 | B1: 是否法定节假日 | C1: 训练时长（小时） | D1: 金额
A2: 2026-03-02 | B2: 否 | C2: 0.5 | D2: =IF(B2="","",IF(B2="是",C2*200,IF(B2="否",C2*100,""))) -> 50
A3: 2026-03-03 | B3: 否 | C3: 0.5 | D3: =IF(B3="","",IF(B3="是",C3*200,IF(B3="否",C3*100,""))) -> 50
A4: 2026-03-04 | B4: 否 | C4: 0.5 | D4: =IF(B4="","",IF(B4="是",C4*200,IF(B4="否",C4*100,""))) -> 50
A5: 2026-03-05 | B5: 否 | C5: 0.5 | D5: =IF(B5="","",IF(B5="是",C5*200,IF(B5="否",C5*100,""))) -> 50
A6: 2026-03-06 | B6: 否 | C6: 4 | D6: =IF(B6="","",IF(B6="是",C6*200,IF(B6="否",C6*100,""))) -> 400
A7: 2026-03-07 | B7: 是 | C7: 8 | D7: =IF(B7="","",IF(B7="是",C7*200,IF(B7="否",C7*100,""))) -> 1600
A8: 2026-03-09 | B8: 否 | C8: 0.5 | D8: =IF(B8="","",IF(B8="是",C8*200,IF(B8="否",C8*100,""))) -> 50
A9: 2026-03-10 | B9: 否 | C9: 0.5 | D9: =IF(B9="","",IF(B9="是",C9*200,IF(B9="否",C9*100,""))) -> 50
A10: 2026-03-11 | B10: 否 | C10: 0.5 | D10: =IF(B10="","",IF(B10="是",C10*200,IF(B10="否",C10*100,""))) -> 50
A11: 2026-03-12 | B11: 否 | C11: 0.5 | D11: =IF(B11="","",IF(B11="是",C11*200,IF(B11="否",C11*100,""))) -> 50
A12: 2026-03-13 | B12: 否 | C12: 4 | D12: =IF(B12="","",IF(B12="是",C12*200,IF(B12="否",C12*100,""))) -> 400
A13: 2026-03-14 | B13: 是 | C13: 8 | D13: =IF(B13="","",IF(B13="是",C13*200,IF(B13="否",C13*100,""))) -> 1600
... A27: 2026-03-31 | B27: 否 | C27: 0.5 | D27: =IF(B27="","",IF(B27="是",C27*200,IF(B27="否",C27*100,""))) -> 50

Sheet 4月
A1: 4月训练日期 | B1: 是否法定节假日 | C1: 训练时长（小时） | D1: 金额
A2: 2026-04-01 | B2: 否 | C2: 0.5 | D2: =IF(B2="","",IF(B2="是",C2*200,IF(B2="否",C2*100,""))) -> 50
A3: 2026-04-02 | B3: 否 | C3: 0.5 | D3: =IF(B3="","",IF(B3="是",C3*200,IF(B3="否",C3*100,""))) -> 50
A4: 2026-04-03 | B4: 否 | C4: 4 | D4: =IF(B4="","",IF(B4="是",C4*200,IF(B4="否",C4*100,""))) -> 400
A5: 2026-04-04 | B5: 是 | C5: 8 | D5: =IF(B5="","",IF(B5="是",C5*200,IF(B5="否",C5*100,""))) -> 1600
A6: 2026-04-06 | B6: 否 | C6: 0.5 | D6: =IF(B6="","",IF(B6="是",C6*200,IF(B6="否",C6*100,""))) -> 50
A7: 2026-04-07 | B7: 否 | C7: 0.5 | D7: =IF(B7="","",IF(B7="是",C7*200,IF(B7="否",C7*100,""))) -> 50
A8: 2026-04-08 | B8: 否 | C8: 0.5 | D8: =IF(B8="","",IF(B8="是",C8*200,IF(B8="否",C8*100,""))) -> 50
A9: 2026-04-09 | B9: 否 | C9: 0.5 | D9: =IF(B9="","",IF(B9="是",C9*200,IF(B9="否",C9*100,""))) -> 50
A10: 2026-04-10 | B10: 否 | C10: 4 | D10: =IF(B10="","",IF(B10="是",C10*200,IF(B10="否",C10*100,""))) -> 400
A11: 2026-04-11 | B11: 是 | C11: 8 | D11: =IF(B11="","",IF(B11="是",C11*200,IF(B11="否",C11*100,""))) -> 1600
A12: 2026-04-13 | B12: 否 | C12: 0.5 | D12: =IF(B12="","",IF(B12="是",C12*200,IF(B12="否",C12*100,""))) -> 50
A13: 2026-04-14 | B13: 否 | C13: 0.5 | D13: =IF(B13="","",IF(B13="是",C13*200,IF(B13="否",C13*100,""))) -> 50
... A27: 2026-04-30 | B27: 否 | C27: 0.5 | D27: =IF(B27="","",IF(B27="是",C27*200,IF(B27="否",C27*100,""))) -> 50

Sheet 5月
A1: 5月训练日期 | B1: 是否法定节假日 | C1: 训练时长（小时） | D1: 金额
A2: 2026-05-01 | B2: 是 | C2: 8 | D2: =IF(B2="","",IF(B2="是",C2*200,IF(B2="否",C2*100,""))) -> 1600
A3: 2026-05-02 | B3: 是 | C3: 8 | D3: =IF(B3="","",IF(B3="是",C3*200,IF(B3="否",C3*100,""))) -> 1600
A4: 2026-05-04 | B4: 是 | C4: 8 | D4: =IF(B4="","",IF(B4="是",C4*200,IF(B4="否",C4*100,""))) -> 1600
A5: 2026-05-05 | B5: 是 | C5: 8 | D5: =IF(B5="","",IF(B5="是",C5*200,IF(B5="否",C5*100,""))) -> 1600
A6: 2026-05-06 | B6: 是 | C6: 8 | D6: =IF(B6="","",IF(B6="是",C6*200,IF(B6="否",C6*100,""))) -> 1600
A7: 2026-05-07 | B7: 是 | C7: 8 | D7: =IF(B7="","",IF(B7="是",C7*200,IF(B7="否",C7*100,""))) -> 1600
A8: 2026-05-08 | B8: 否 | C8: 4 | D8: =IF(B8="","",IF(B8="是",C8*200,IF(B8="否",C8*100,""))) -> 400
A9: 2026-05-09 | B9: 是 | C9: 8 | D9: =IF(B9="","",IF(B9="是",C9*200,IF(B9="否",C9*100,""))) -> 1600
A10: 2026-05-11 | B10: 否 | C10: 0.5 | D10: =IF(B10="","",IF(B10="是",C10*200,IF(B10="否",C10*100,""))) -> 50
A11: 2026-05-12 | B11: 否 | C11: 0.5 | D11: =IF(B11="","",IF(B11="是",C11*200,IF(B11="否",C11*100,""))) -> 50
A12: 2026-05-13 | B12: 否 | C12: 0.5 | D12: =IF(B12="","",IF(B12="是",C12*200,IF(B12="否",C12*100,""))) -> 50
A13: 2026-05-14 | B13: 否 | C13: 0.5 | D13: =IF(B13="","",IF(B13="是",C13*200,IF(B13="否",C13*100,""))) -> 50
... A27: 2026-05-30 | B27: 是 | C27: 8 | D27: =IF(B27="","",IF(B27="是",C27*200,IF(B27="否",C27*100,""))) -> 1600

Sheet 6月
A1: 6月训练日期 | B1: 是否法定节假日 | C1: 训练时长（小时） | D1: 金额
A2: 2026-06-01 | B2: 否 | C2: 0.5 | D2: =IF(B2="","",IF(B2="是",C2*200,IF(B2="否",C2*100,""))) -> 50
A3: 2026-06-02 | B3: 否 | C3: 0.5 | D3: =IF(B3="","",IF(B3="是",C3*200,IF(B3="否",C3*100,""))) -> 50
A4: 2026-06-03 | B4: 否 | C4: 0.5 | D4: =IF(B4="","",IF(B4="是",C4*200,IF(B4="否",C4*100,""))) -> 50
A5: 2026-06-04 | B5: 否 | C5: 0.5 | D5: =IF(B5="","",IF(B5="是",C5*200,IF(B5="否",C5*100,""))) -> 50
A6: 2026-06-05 | B6: 否 | C6: 4 | D6: =IF(B6="","",IF(B6="是",C6*200,IF(B6="否",C6*100,""))) -> 400
A7: 2026-06-06 | B7: 是 | C7: 8 | D7: =IF(B7="","",IF(B7="是",C7*200,IF(B7="否",C7*100,""))) -> 1600
A8: 2026-06-08 | B8: 否 | C8: 0.5 | D8: =IF(B8="","",IF(B8="是",C8*200,IF(B8="否",C8*100,""))) -> 50
A9: 2026-06-09 | B9: 否 | C9: 0.5 | D9: =IF(B9="","",IF(B9="是",C9*200,IF(B9="否",C9*100,""))) -> 50
A10: 2026-06-10 | B10: 否 | C10: 0.5 | D10: =IF(B10="","",IF(B10="是",C10*200,IF(B10="否",C10*100,""))) -> 50
A11: 2026-06-11 | B11: 否 | C11: 0.5 | D11: =IF(B11="","",IF(B11="是",C11*200,IF(B11="否",C11*100,""))) -> 50
A12: 2026-06-12 | B12: 否 | C12: 4 | D12: =IF(B12="","",IF(B12="是",C12*200,IF(B12="否",C12*100,""))) -> 400
A13: 2026-06-13 | B13: 是 | C13: 8 | D13: =IF(B13="","",IF(B13="是",C13*200,IF(B13="否",C13*100,""))) -> 1600
... A27: 2026-06-30 | B27: 否 | C27: 0.5 | D27: =IF(B27="","",IF(B27="是",C27*200,IF(B27="否",C27*100,""))) -> 50

Sheet 7月
A1: 7月训练日期 | B1: 是否法定节假日 | C1: 训练时长（小时） | D1: 金额
A2: 2026-07-01 | B2: 是 | C2: 8 | D2: =IF(B2="","",IF(B2="是",C2*200,IF(B2="否",C2*100,""))) -> 1600
A3: 2026-07-02 | B3: 是 | C3: 8 | D3: =IF(B3="","",IF(B3="是",C3*200,IF(B3="否",C3*100,""))) -> 1600
A4: 2026-07-03 | B4: 是 | C4: 8 | D4: =IF(B4="","",IF(B4="是",C4*200,IF(B4="否",C4*100,""))) -> 1600
A5: 2026-07-04 | B5: 是 | C5: 8 | D5: =IF(B5="","",IF(B5="是",C5*200,IF(B5="否",C5*100,""))) -> 1600
A6: 2026-07-06 | B6: 是 | C6: 8 | D6: =IF(B6="","",IF(B6="是",C6*200,IF(B6="否",C6*100,""))) -> 1600
A7: 2026-07-07 | B7: 是 | C7: 8 | D7: =IF(B7="","",IF(B7="是",C7*200,IF(B7="否",C7*100,""))) -> 1600
A8: 2026-07-08 | B8: 是 | C8: 8 | D8: =IF(B8="","",IF(B8="是",C8*200,IF(B8="否",C8*100,""))) -> 1600
A9: 2026-07-09 | B9: 是 | C9: 8 | D9: =IF(B9="","",IF(B9="是",C9*200,IF(B9="否",C9*100,""))) -> 1600
A10: 2026-07-10 | B10: 是 | C10: 8 | D10: =IF(B10="","",IF(B10="是",C10*200,IF(B10="否",C10*100,""))) -> 1600
A11: 2026-07-11 | B11: 是 | C11: 8 | D11: =IF(B11="","",IF(B11="是",C11*200,IF(B11="否",C11*100,""))) -> 1600
A12: 2026-07-13 | B12: 是 | C12: 8 | D12: =IF(B12="","",IF(B12="是",C12*200,IF(B12="否",C12*100,""))) -> 1600
A13: 2026-07-14 | B13: 是 | C13: 8 | D13: =IF(B13="","",IF(B13="是",C13*200,IF(B13="否",C13*100,""))) -> 1600
... A28: 2026-07-31 | B28: 是 | C28: 8 | D28: =IF(B28="","",IF(B28="是",C28*200,IF(B28="否",C28*100,""))) -> 1600

Sheet 8月
A1: 8月训练日期 | B1: 是否法定节假日 | C1: 训练时长（小时） | D1: 金额
A2: 2026-08-01 | B2: 是 | C2: 8 | D2: =IF(B2="","",IF(B2="是",C2*200,IF(B2="否",C2*100,""))) -> 1600
A3: 2026-08-03 | B3: 是 | C3: 8 | D3: =IF(B3="","",IF(B3="是",C3*200,IF(B3="否",C3*100,""))) -> 1600
A4: 2026-08-04 | B4: 是 | C4: 8 | D4: =IF(B4="","",IF(B4="是",C4*200,IF(B4="否",C4*100,""))) -> 1600
A5: 2026-08-05 | B5: 是 | C5: 8 | D5: =IF(B5="","",IF(B5="是",C5*200,IF(B5="否",C5*100,""))) -> 1600
A6: 2026-08-06 | B6: 是 | C6: 8 | D6: =IF(B6="","",IF(B6="是",C6*200,IF(B6="否",C6*100,""))) -> 1600
A7: 2026-08-07 | B7: 是 | C7: 8 | D7: =IF(B7="","",IF(B7="是",C7*200,IF(B7="否",C7*100,""))) -> 1600
A8: 2026-08-08 | B8: 是 | C8: 8 | D8: =IF(B8="","",IF(B8="是",C8*200,IF(B8="否",C8*100,""))) -> 1600
A9: 2026-08-10 | B9: 是 | C9: 8 | D9: =IF(B9="","",IF(B9="是",C9*200,IF(B9="否",C9*100,""))) -> 1600
A10: 2026-08-11 | B10: 是 | C10: 8 | D10: =IF(B10="","",IF(B10="是",C10*200,IF(B10="否",C10*100,""))) -> 1600
A11: 2026-08-12 | B11: 是 | C11: 8 | D11: =IF(B11="","",IF(B11="是",C11*200,IF(B11="否",C11*100,""))) -> 1600
A12: 2026-08-13 | B12: 是 | C12: 8 | D12: =IF(B12="","",IF(B12="是",C12*200,IF(B12="否",C12*100,""))) -> 1600
A13: 2026-08-14 | B13: 是 | C13: 8 | D13: =IF(B13="","",IF(B13="是",C13*200,IF(B13="否",C13*100,""))) -> 1600
... A27: 2026-08-31 | B27: 是 | C27: 8 | D27: =IF(B27="","",IF(B27="是",C27*200,IF(B27="否",C27*100,""))) -> 1600

Sheet 9月
A1: 9月训练日期 | B1: 是否法定节假日 | C1: 训练时长（小时） | D1: 金额
A2: 2026-09-01 | B2: 否 | C2: 0.5 | D2: =IF(B2="","",IF(B2="是",C2*200,IF(B2="否",C2*100,""))) -> 50
A3: 2026-09-02 | B3: 否 | C3: 0.5 | D3: =IF(B3="","",IF(B3="是",C3*200,IF(B3="否",C3*100,""))) -> 50
A4: 2026-09-03 | B4: 否 | C4: 0.5 | D4: =IF(B4="","",IF(B4="是",C4*200,IF(B4="否",C4*100,""))) -> 50
A5: 2026-09-04 | B5: 否 | C5: 4 | D5: =IF(B5="","",IF(B5="是",C5*200,IF(B5="否",C5*100,""))) -> 400
A6: 2026-09-05 | B6: 是 | C6: 8 | D6: =IF(B6="","",IF(B6="是",C6*200,IF(B6="否",C6*100,""))) -> 1600
A7: 2026-09-07 | B7: 否 | C7: 0.5 | D7: =IF(B7="","",IF(B7="是",C7*200,IF(B7="否",C7*100,""))) -> 50
A8: 2026-09-08 | B8: 否 | C8: 0.5 | D8: =IF(B8="","",IF(B8="是",C8*200,IF(B8="否",C8*100,""))) -> 50
A9: 2026-09-09 | B9: 否 | C9: 0.5 | D9: =IF(B9="","",IF(B9="是",C9*200,IF(B9="否",C9*100,""))) -> 50
A10: 2026-09-10 | B10: 否 | C10: 0.5 | D10: =IF(B10="","",IF(B10="是",C10*200,IF(B10="否",C10*100,""))) -> 50
A11: 2026-09-11 | B11: 否 | C11: 4 | D11: =IF(B11="","",IF(B11="是",C11*200,IF(B11="否",C11*100,""))) -> 400
A12: 2026-09-12 | B12: 是 | C12: 8 | D12: =IF(B12="","",IF(B12="是",C12*200,IF(B12="否",C12*100,""))) -> 1600
A13: 2026-09-14 | B13: 否 | C13: 0.5 | D13: =IF(B13="","",IF(B13="是",C13*200,IF(B13="否",C13*100,""))) -> 50
... A27: 2026-09-30 | B27: 否 | C27: 0.5 | D27: =IF(B27="","",IF(B27="是",C27*200,IF(B27="否",C27*100,""))) -> 50

Sheet 10月
A1: 10月训练日期 | B1: 是否法定节假日 | C1: 训练时长（小时） | D1: 金额
A2: 2026-10-01 | B2: 是 | C2: 8 | D2: =IF(B2="","",IF(B2="是",C2*200,IF(B2="否",C2*100,""))) -> 1600
A3: 2026-10-02 | B3: 是 | C3: 8 | D3: =IF(B3="","",IF(B3="是",C3*200,IF(B3="否",C3*100,""))) -> 1600
A4: 2026-10-03 | B4: 是 | C4: 8 | D4: =IF(B4="","",IF(B4="是",C4*200,IF(B4="否",C4*100,""))) -> 1600
A5: 2026-10-05 | B5: 是 | C5: 8 | D5: =IF(B5="","",IF(B5="是",C5*200,IF(B5="否",C5*100,""))) -> 1600
A6: 2026-10-06 | B6: 是 | C6: 8 | D6: =IF(B6="","",IF(B6="是",C6*200,IF(B6="否",C6*100,""))) -> 1600
A7: 2026-10-07 | B7: 是 | C7: 8 | D7: =IF(B7="","",IF(B7="是",C7*200,IF(B7="否",C7*100,""))) -> 1600
A8: 2026-10-08 | B8: 否 | C8: 0.5 | D8: =IF(B8="","",IF(B8="是",C8*200,IF(B8="否",C8*100,""))) -> 50
A9: 2026-10-09 | B9: 否 | C9: 4 | D9: =IF(B9="","",IF(B9="是",C9*200,IF(B9="否",C9*100,""))) -> 400
A10: 2026-10-10 | B10: 是 | C10: 8 | D10: =IF(B10="","",IF(B10="是",C10*200,IF(B10="否",C10*100,""))) -> 1600
A11: 2026-10-12 | B11: 否 | C11: 0.5 | D11: =IF(B11="","",IF(B11="是",C11*200,IF(B11="否",C11*100,""))) -> 50
A12: 2026-10-13 | B12: 否 | C12: 0.5 | D12: =IF(B12="","",IF(B12="是",C12*200,IF(B12="否",C12*100,""))) -> 50
A13: 2026-10-14 | B13: 否 | C13: 0.5 | D13: =IF(B13="","",IF(B13="是",C13*200,IF(B13="否",C13*100,""))) -> 50
... A28: 2026-10-31 | B28: 是 | C28: 8 | D28: =IF(B28="","",IF(B28="是",C28*200,IF(B28="否",C28*100,""))) -> 1600

Sheet 11月
A1: 11月训练日期 | B1: 是否法定节假日 | C1: 训练时长（小时） | D1: 金额
A2: 2026-11-02 | B2: 否 | C2: 0.5 | D2: =IF(B2="","",IF(B2="是",C2*200,IF(B2="否",C2*100,""))) -> 50
A3: 2026-11-03 | B3: 否 | C3: 0.5 | D3: =IF(B3="","",IF(B3="是",C3*200,IF(B3="否",C3*100,""))) -> 50
A4: 2026-11-04 | B4: 否 | C4: 0.5 | D4: =IF(B4="","",IF(B4="是",C4*200,IF(B4="否",C4*100,""))) -> 50
A5: 2026-11-05 | B5: 否 | C5: 0.5 | D5: =IF(B5="","",IF(B5="是",C5*200,IF(B5="否",C5*100,""))) -> 50
A6: 2026-11-06 | B6: 否 | C6: 4 | D6: =IF(B6="","",IF(B6="是",C6*200,IF(B6="否",C6*100,""))) -> 400
A7: 2026-11-07 | B7: 是 | C7: 8 | D7: =IF(B7="","",IF(B7="是",C7*200,IF(B7="否",C7*100,""))) -> 1600
A8: 2026-11-09 | B8: 否 | C8: 0.5 | D8: =IF(B8="","",IF(B8="是",C8*200,IF(B8="否",C8*100,""))) -> 50
A9: 2026-11-10 | B9: 否 | C9: 0.5 | D9: =IF(B9="","",IF(B9="是",C9*200,IF(B9="否",C9*100,""))) -> 50
A10: 2026-11-11 | B10: 否 | C10: 0.5 | D10: =IF(B10="","",IF(B10="是",C10*200,IF(B10="否",C10*100,""))) -> 50
A11: 2026-11-12 | B11: 否 | C11: 0.5 | D11: =IF(B11="","",IF(B11="是",C11*200,IF(B11="否",C11*100,""))) -> 50
A12: 2026-11-13 | B12: 否 | C12: 4 | D12: =IF(B12="","",IF(B12="是",C12*200,IF(B12="否",C12*100,""))) -> 400
A13: 2026-11-14 | B13: 是 | C13: 8 | D13: =IF(B13="","",IF(B13="是",C13*200,IF(B13="否",C13*100,""))) -> 1600
... A26: 2026-11-30 | B26: 否 | C26: 0.5 | D26: =IF(B26="","",IF(B26="是",C26*200,IF(B26="否",C26*100,""))) -> 50

Sheet 12月
A1: 12月训练日期 | B1: 是否法定节假日 | C1: 训练时长（小时） | D1: 金额
A2: 2026-12-01 | B2: 否 | C2: 0.5 | D2: =IF(B2="","",IF(B2="是",C2*200,IF(B2="否",C2*100,""))) -> 50
A3: 2026-12-02 | B3: 否 | C3: 0.5 | D3: =IF(B3="","",IF(B3="是",C3*200,IF(B3="否",C3*100,""))) -> 50
A4: 2026-12-03 | B4: 否 | C4: 0.5 | D4: =IF(B4="","",IF(B4="是",C4*200,IF(B4="否",C4*100,""))) -> 50
A5: 2026-12-04 | B5: 否 | C5: 4 | D5: =IF(B5="","",IF(B5="是",C5*200,IF(B5="否",C5*100,""))) -> 400
A6: 2026-12-05 | B6: 是 | C6: 8 | D6: =IF(B6="","",IF(B6="是",C6*200,IF(B6="否",C6*100,""))) -> 1600
A7: 2026-12-07 | B7: 否 | C7: 0.5 | D7: =IF(B7="","",IF(B7="是",C7*200,IF(B7="否",C7*100,""))) -> 50
A8: 2026-12-08 | B8: 否 | C8: 0.5 | D8: =IF(B8="","",IF(B8="是",C8*200,IF(B8="否",C8*100,""))) -> 50
A9: 2026-12-09 | B9: 否 | C9: 0.5 | D9: =IF(B9="","",IF(B9="是",C9*200,IF(B9="否",C9*100,""))) -> 50
A10: 2026-12-10 | B10: 否 | C10: 0.5 | D10: =IF(B10="","",IF(B10="是",C10*200,IF(B10="否",C10*100,""))) -> 50
A11: 2026-12-11 | B11: 否 | C11: 4 | D11: =IF(B11="","",IF(B11="是",C11*200,IF(B11="否",C11*100,""))) -> 400
A12: 2026-12-12 | B12: 是 | C12: 8 | D12: =IF(B12="","",IF(B12="是",C12*200,IF(B12="否",C12*100,""))) -> 1600
A13: 2026-12-14 | B13: 否 | C13: 0.5 | D13: =IF(B13="","",IF(B13="是",C13*200,IF(B13="否",C13*100,""))) -> 50
... A28: 2026-12-31 | B28: 否 | C28: 0.5 | D28: =IF(B28="","",IF(B28="是",C28*200,IF(B28="否",C28*100,""))) -> 50
